{
  "dependencies": {
    "mssql1": {
      "secretStore": null,
      "resourceId": null,
      "type": "mssql.local",
      "connectionId": "ConnectionStrings:PimContext"
    },
    "mssql2": {
      "type": "mssql.local",
      "connectionId": "ConnectionStrings:PimContextEndereco"
    },
    "mssql3": {
      "type": "mssql.local",
      "connectionId": "ConnectionStrings:PimContextTelefone"
    },
    "mssql4": {
      "type": "mssql.local",
      "connectionId": "ConnectionStrings:EnderecoDAO"
    }
  }
}